City_ID,City,Lat,Lng,Max Temp,Humidity,Cloudiness,Wind Speed,Country,Date
0,adamstown,-25.066,-130.1015,22.16,85,10,3.26,PN,1697503505
1,blackmans bay,-43.0167,147.3167,16.52,48,11,0.45,AU,1697503506
2,fisterra,42.9049,-9.2629,22.23,77,100,13.0,ES,1697503506
3,ust-nera,64.5667,143.2,-15.99,94,53,1.34,RU,1697503506
4,yelizovo,53.1873,158.3805,9.08,66,75,8.05,RU,1697503506
5,al wajh,26.2455,36.4525,22.97,60,0,2.06,SA,1697503431
6,isafjordur,66.0755,-23.124,0.35,83,100,3.29,IS,1697503507
7,fort bragg,35.139,-79.006,13.75,71,100,1.54,US,1697503507
8,fada,9.5667,8.3,21.25,87,100,0.45,NG,1697503507
9,pisco,-13.7,-76.2167,20.03,83,75,6.17,PE,1697503461
10,invercargill,-46.4,168.35,11.68,62,66,4.92,NZ,1697503508
11,gadzhiyevo,69.2551,33.3362,3.25,75,100,11.92,RU,1697503508
12,visegrad,43.7847,19.2992,6.31,66,100,0.5,BA,1697503509
13,ribeira grande,38.5167,-28.7,18.76,89,100,0.89,PT,1697503509
14,west island,-12.1568,96.8225,25.99,89,75,6.17,CC,1697503510
15,colonia,50.9333,6.95,8.25,88,0,2.06,DE,1697503510
16,sitka,57.0531,-135.33,14.94,58,75,7.72,US,1697503510
17,papatowai,-46.5619,169.4708,10.19,50,78,5.03,NZ,1697503510
18,pandan,14.0453,124.1694,28.3,80,100,4.28,PH,1697503423
19,port lincoln,-34.7333,135.8667,15.34,61,13,6.05,AU,1697503511
20,avarua,-21.2078,-159.775,23.03,64,75,5.14,CK,1697503511
21,rongelap,11.1635,166.8941,28.7,76,3,8.21,MH,1697503517
22,yellowknife,62.456,-114.3525,6.29,97,20,3.6,CA,1697503262
23,popondetta,-8.7537,148.2534,30.78,60,75,2.99,PG,1697503517
24,iqaluit,63.7506,-68.5145,-8.15,86,20,4.63,CA,1697503518
25,kununurra,-15.7667,128.7333,32.99,18,0,3.6,AU,1697503287
26,stranraer,54.9023,-5.0273,8.74,80,2,5.37,GB,1697503518
27,college,64.8569,-147.8028,7.97,49,75,1.54,US,1697503336
28,arraial do cabo,-22.9661,-42.0278,22.58,94,50,11.05,BR,1697503519
29,port blair,11.6667,92.75,26.02,94,40,1.03,IN,1697503519
30,nyala,12.05,24.8833,26.07,49,100,2.03,SD,1697503520
31,lihue,21.9789,-159.3672,28.77,68,20,4.12,US,1697503520
32,twon-brass,4.3151,6.2418,26.01,83,34,3.32,NG,1697503520
33,chonchi,-42.6128,-73.8092,8.56,96,11,1.78,CL,1697503520
34,la passe,45.5549,-0.8967,16.13,64,100,6.5,FR,1697503521
35,genhe,50.7833,121.5167,5.06,37,10,1.35,CN,1697503521
36,atafu village,-8.5421,-172.5159,28.18,78,100,6.98,TK,1697503521
37,quiberon,47.4841,-3.1196,14.0,68,100,5.36,FR,1697503521
38,saynshand,44.8824,110.1163,8.92,36,100,7.36,MN,1697503522
39,hadibu,12.65,54.0333,26.89,75,1,1.39,YE,1697503522
40,revda,56.801,59.9303,7.51,79,10,3.94,RU,1697503522
41,alice springs,-23.7,133.8833,22.75,20,0,8.75,AU,1697503523
42,devrek,41.2192,31.9558,11.04,95,100,1.33,TR,1697503523
43,port-aux-francais,-49.35,70.2167,2.75,89,96,12.6,TF,1697503524
44,longyearbyen,78.2186,15.6401,-5.09,63,20,4.12,SJ,1697503524
45,sao vicente,-23.9631,-46.3919,31.1,26,100,1.34,BR,1697503524
46,poronaysk,49.2167,143.1167,5.72,90,100,5.74,RU,1697503524
47,kerikeri,-35.2268,173.9474,19.95,91,67,0.89,NZ,1697503524
48,umm kaddadah,13.6017,26.6876,28.32,19,100,8.02,SD,1697503525
49,barrouallie,13.2333,-61.2667,27.79,74,40,4.12,VC,1697503525
50,mizunami,35.3667,137.25,21.32,56,0,3.5,JP,1697503525
51,san patricio,28.017,-97.5169,22.52,41,0,2.98,US,1697503526
52,saipan,15.1355,145.701,28.39,83,20,4.63,MP,1697503526
53,lerwick,60.1545,-1.1494,11.0,87,100,10.1,GB,1697503231
54,ust'-ilimsk,58.0006,102.6619,1.36,92,100,3.58,RU,1697503526
55,inirida,3.8653,-67.9239,23.12,87,37,0.41,CO,1697503527
56,leninskoye,41.7589,69.3864,9.69,44,0,1.17,KZ,1697503527
57,rosa zarate,0.3333,-79.4667,23.96,94,100,1.29,EC,1697503527
58,wailua homesteads,22.0669,-159.378,28.44,75,20,4.12,US,1697503528
59,punta arenas,-53.15,-70.9167,7.06,70,40,7.72,CL,1697503528
60,ambon,-3.6954,128.1814,29.37,95,40,3.09,ID,1697503528
61,bereket,39.2446,55.5154,18.38,27,100,3.58,TM,1697503529
62,bethel,41.3712,-73.414,12.74,83,100,0.0,US,1697503529
63,kavieng,-2.5744,150.7967,29.02,66,97,1.45,PG,1697503529
64,waitangi,-43.9535,-176.5597,15.46,83,73,4.02,NZ,1697503529
65,edinburgh of the seven seas,-37.0676,-12.3116,12.01,72,45,4.39,SH,1697503529
66,xilin hot,43.9667,116.0333,11.97,38,98,4.8,CN,1697503530
67,chibougamau,49.9168,-74.3659,2.79,87,0,2.06,CA,1697503530
68,kismayo,-0.3582,42.5454,25.86,90,84,4.04,SO,1697503530
69,phanom thuan,14.1303,99.6986,25.99,82,89,2.62,TH,1697503531
70,beihai,21.4833,109.1,25.24,60,100,4.24,CN,1697503531
71,tazacorte,28.629,-17.9293,24.54,34,0,3.13,ES,1697503531
72,trail,49.0998,-117.7022,18.32,69,100,1.6,CA,1697503477
73,alpine,32.835,-116.7664,25.86,51,0,3.6,US,1697503532
74,san antonio de pale,-1.4014,5.6325,25.75,80,100,5.68,GQ,1697503533
75,luderitz,-26.6481,15.1594,19.84,45,0,3.6,NA,1697503248
76,margaret river,-33.95,115.0667,21.69,56,100,3.3,AU,1697503533
77,gaomi,36.3833,119.7528,18.77,45,0,2.67,CN,1697503534
78,ushuaia,-54.8,-68.3,6.81,98,75,7.2,AR,1697503534
79,grytviken,-54.2811,-36.5092,-0.22,94,48,4.58,GS,1697503534
80,puerto natales,-51.7236,-72.4875,4.73,91,100,4.3,CL,1697503534
81,paoua,7.2427,16.4406,19.55,95,31,0.84,CF,1697503535
82,villa gesell,-37.2639,-56.973,11.25,93,12,8.3,AR,1697503254
83,brande,55.9381,9.1218,5.96,69,100,3.3,DK,1697503535
84,langarud,37.197,50.1535,16.93,88,63,2.15,IR,1697503535
85,papao,-17.75,-149.55,28.82,83,100,6.5,PF,1697503536
86,jacksonville,30.3322,-81.6556,17.06,75,100,2.06,US,1697503366
87,weno,7.4515,151.8468,28.97,84,75,0.0,FM,1697503536
88,bilibino,68.0546,166.4372,-10.58,94,99,1.7,RU,1697503536
89,bouar,5.934,15.596,18.61,93,100,1.52,CF,1697503537
90,enewetak,11.3474,162.3373,28.96,75,10,6.34,MH,1697503537
91,nova sintra,14.8667,-24.7167,25.44,71,29,6.31,CV,1697503537
92,mabaruma,8.2,-59.7833,26.35,83,91,1.8,GY,1697503538
93,kimbe,-5.5502,150.1429,31.3,58,95,2.19,PG,1697503538
94,kamaishi,39.2667,141.8833,15.91,60,38,8.52,JP,1697503538
95,albany,42.6001,-73.9662,11.34,77,100,1.79,US,1697503536
96,djamaa,33.5339,5.9931,22.48,24,6,3.13,DZ,1697503539
97,hasaki,35.7333,140.8333,22.94,64,0,6.41,JP,1697503539
98,hpa-an,16.8906,97.6333,25.0,92,43,1.07,MM,1697503539
99,kavaratti,10.5669,72.642,27.92,76,100,4.41,IN,1697503540
100,tara,56.8944,74.371,9.99,85,82,3.58,RU,1697503540
101,kodinsk,58.6881,99.1844,1.91,98,100,2.73,RU,1697503541
102,henderson,36.0397,-114.9819,33.01,12,0,2.06,US,1697503165
103,hermanus,-34.4187,19.2345,15.13,90,10,4.53,ZA,1697503541
104,fereydunshahr,32.941,50.121,6.21,76,49,2.01,IR,1697503541
105,charlottetown,46.2352,-63.1267,9.32,92,100,6.71,CA,1697503200
106,nar'yan-mar,67.6713,53.087,1.17,89,85,4.02,RU,1697503542
107,suntar,62.1444,117.6319,2.3,99,100,2.24,RU,1697503542
108,richards bay,-28.783,32.0377,18.59,90,100,8.67,ZA,1697503542
109,alliance,40.9153,-81.1059,10.78,94,100,3.69,US,1697503543
110,selibaby,15.159,-12.1829,29.15,30,0,4.03,MR,1697503543
111,port elizabeth,-33.918,25.5701,16.29,93,75,4.12,ZA,1697503543
112,udachny,66.4167,112.4,-3.64,100,95,0.85,RU,1697503544
113,viedma,-40.8135,-62.9967,6.74,74,0,2.23,AR,1697503544
114,shamkhor,40.8297,46.0189,13.2,66,19,3.95,AZ,1697503544
115,mejit,10.2753,170.8646,28.3,72,69,6.62,MH,1697503544
116,ilulissat,69.2167,-51.1,-7.99,73,75,10.8,GL,1697503545
117,kenai,60.5544,-151.2583,8.94,68,40,7.72,US,1697503501
118,olonkinbyen,70.9221,-8.7187,0.67,78,98,6.7,SJ,1697503545
119,nantucket,41.2835,-70.0995,12.06,80,75,3.09,US,1697503428
120,georgetown,5.4112,100.3354,27.96,84,20,2.68,MY,1697503510
121,birjand,32.8663,59.2211,9.26,29,0,3.09,IR,1697503267
122,batie,9.8833,-2.9167,24.01,85,95,2.16,BF,1697503546
123,broken hill,-31.95,141.4333,16.45,32,0,5.88,AU,1697503472
124,vikhorevka,56.1201,101.1636,1.77,97,100,3.74,RU,1697503547
125,hawaiian paradise park,19.5933,-154.9731,28.74,74,75,6.17,US,1697503547
126,utrik,11.2278,169.8474,28.26,76,29,7.14,MH,1697503548
127,callao,-12.0667,-77.15,20.4,77,100,4.63,PE,1697503548
128,lebu,-37.6167,-73.65,9.93,84,0,9.66,CL,1697503548
129,cabo san lucas,22.8909,-109.9124,32.17,66,0,2.06,MX,1697503272
130,kruisfontein,-34.0033,24.7314,12.43,95,0,2.31,ZA,1697503549
131,shahrak,34.1074,64.3052,2.81,46,0,1.63,AF,1697503549
132,kandi,11.1342,2.9386,23.86,86,100,2.49,BJ,1697503550
133,gebeit,21.0667,36.3167,22.0,61,0,2.11,SD,1697503550
134,vorgashor,67.5833,63.95,1.76,97,100,4.81,RU,1697503550
135,baki,-7.6128,110.7839,30.22,54,14,3.27,ID,1697503550
136,el calafate,-50.3408,-72.2768,5.89,81,66,4.63,AR,1697503551
137,nkove,-7.95,30.85,24.65,72,100,1.12,TZ,1697503551
138,puri,19.8,85.85,25.29,77,6,2.39,IN,1697503551
139,ceerigaabo,10.6162,47.368,17.55,31,27,1.61,SO,1697503551
140,necochea,-38.5473,-58.7368,8.83,82,0,7.17,AR,1697503439
141,illizi,26.4833,8.4667,22.89,21,12,1.8,DZ,1697503552
142,nova vicosa,-17.8919,-39.3719,23.51,79,18,2.87,BR,1697503553
143,bredasdorp,-34.5322,20.0403,14.0,93,93,2.51,ZA,1697503553
144,puerto baquerizo moreno,-0.9,-89.6,23.73,81,78,3.25,EC,1697503553
145,arteche,12.2645,125.4048,29.22,69,29,2.32,PH,1697503554
146,hailey,43.5196,-114.3153,17.22,53,0,2.24,US,1697503554
147,thompson,55.7435,-97.8558,10.09,76,75,1.03,CA,1697503339
148,kapuskasing,49.4169,-82.4331,5.0,81,20,1.03,CA,1697503555
149,tuy hoa,13.0833,109.3,26.75,80,76,3.24,VN,1697503555
150,wenchang,30.904,118.4887,21.49,55,0,1.95,CN,1697503555
151,istgah-e rah ahan-e garmsar,35.2346,52.3094,19.02,51,15,1.87,IR,1697503556
152,codrington,-38.2667,141.9667,15.02,51,0,2.43,AU,1697503556
153,vernon,50.2581,-119.2691,17.2,71,100,0.51,CA,1697503557
154,malabar,-33.9667,151.25,16.77,77,75,9.77,AU,1697503557
155,beloha,-25.1667,45.05,20.71,76,100,2.85,MG,1697503557
156,columbia falls,48.3725,-114.1815,15.82,72,0,0.0,US,1697503558
157,flin flon,54.7682,-101.865,9.44,67,0,1.86,CA,1697503259
158,isangel,-19.55,169.2667,28.06,69,40,8.75,VU,1697503558
159,broome,42.2506,-75.833,11.05,93,94,0.45,US,1697503558
160,polyarnyy,69.1989,33.4478,3.33,78,100,11.58,RU,1697503559
161,kodiak,57.79,-152.4072,8.73,93,75,1.54,US,1697503559
162,mahibadhoo,3.7833,72.9667,27.87,73,52,7.1,MV,1697503559
163,la ronge,55.1001,-105.2842,14.14,54,20,1.54,CA,1697503560
164,horncastle,53.2077,-0.1172,10.81,87,75,2.57,GB,1697503560
165,aykhal,66.0,111.5,-3.85,94,89,4.92,RU,1697503560
166,pilar,-9.5972,-35.9567,22.96,88,100,0.76,BR,1697503560
167,deqen,29.9618,90.7188,4.1,70,70,1.94,CN,1697503561
168,mantua,45.1667,10.7833,12.97,63,100,0.89,IT,1697503561
169,greymouth,-42.4667,171.2,10.46,87,100,1.83,NZ,1697503561
170,okhotsk,59.3833,143.3,-5.49,70,46,9.52,RU,1697503561
171,norilsk,69.3535,88.2027,-1.43,96,100,1.69,RU,1697503562
172,alofi,-19.0595,-169.9187,23.94,78,75,7.72,NU,1697503562
173,tiksi,71.6872,128.8694,-12.89,93,97,3.12,RU,1697503562
174,stanley,54.868,-1.6985,-0.12,100,0,0.51,GB,1697503562
175,anshun,26.25,105.9333,16.15,80,0,3.56,CN,1697503563
176,pacific grove,36.6177,-121.9166,22.43,75,0,2.57,US,1697503563
177,crane,31.3974,-102.3501,19.44,34,0,3.43,US,1697503564
178,kingston,17.997,-76.7936,29.53,86,40,3.09,JM,1697503013
179,baruun-urt,46.6806,113.2792,6.33,54,100,5.85,MN,1697503564
180,sao joao da barra,-21.6403,-41.0511,25.05,90,11,7.26,BR,1697503564
181,monrovia,6.3005,-10.7969,24.87,87,95,2.94,LR,1697503564
182,aden,12.7794,45.0367,28.28,70,9,5.66,YE,1697503565
183,peace river,56.2501,-117.286,15.17,54,100,5.14,CA,1697503565
184,geraldton,-28.7667,114.6,24.23,60,0,3.6,AU,1697503565
185,cozumel,20.5083,-86.9458,27.19,72,40,6.69,MX,1697503523
186,knyaze-volkonskoye,48.4642,135.4567,4.19,77,100,1.34,RU,1697503566
187,quellon,-43.1167,-73.6167,6.95,86,0,4.79,CL,1697503566
188,noyabrsk,63.1994,75.4507,3.46,97,100,7.6,RU,1697503566
189,alesund,62.4723,6.1549,10.97,93,100,8.75,NO,1697503567
190,amga,60.8953,131.9608,-7.23,73,100,1.34,RU,1697503291
191,brandon,27.9378,-82.2859,18.92,69,0,2.68,US,1697503567
192,ulan bator,47.9077,106.8832,-6.93,93,0,3.0,MN,1697503275
193,kayangel,8.0823,134.7173,27.81,77,80,2.14,PW,1697503568
194,fortuna,40.5982,-124.1573,19.4,96,100,0.0,US,1697503568
195,ashland,40.8167,-82.2665,10.49,97,100,4.6,US,1697503483
196,midvagur,62.0511,-7.1939,8.46,87,100,2.57,FO,1697503569
197,ceeldheer,3.8488,47.1806,26.09,84,65,3.25,SO,1697503569
198,tura,25.5198,90.2201,21.13,86,0,1.11,IN,1697503569
199,khanty-mansiysk,61.0042,69.0019,9.06,100,75,2.0,RU,1697503570
200,walvis bay,-22.9575,14.5053,13.53,94,0,0.51,NA,1697503570
201,turtas,58.9417,69.1325,8.73,96,96,3.0,RU,1697503570
202,mogocha,53.7333,119.7667,0.97,48,100,0.89,RU,1697503570
203,saldanha,-33.0117,17.9442,19.03,70,0,2.95,ZA,1697503571
204,sona,45.4388,10.8255,12.14,65,75,2.06,IT,1697503571
205,palopo,-2.9996,120.1921,29.31,64,7,1.58,ID,1697503571
206,wanning,18.8003,110.3967,25.46,93,100,5.72,CN,1697503571
207,coalinga,36.1397,-120.3602,28.14,32,100,2.68,US,1697503549
208,beaufort west,-32.3567,22.583,11.74,91,25,3.84,ZA,1697503572
209,at-bashi,41.1702,75.8106,4.46,56,97,2.52,KG,1697503572
210,morehead city,34.7229,-76.726,14.99,75,75,1.54,US,1697503412
211,st. john's,47.5649,-52.7093,9.43,97,100,8.75,CA,1697503531
212,klyuchi,52.2667,79.1667,9.3,68,100,3.91,RU,1697503573
213,puerto ayora,-0.7393,-90.3518,24.19,94,10,1.79,EC,1697503574
214,atbasar,51.8,68.3333,8.6,79,9,3.12,KZ,1697503574
215,vila franca do campo,37.7167,-25.4333,20.49,99,91,3.93,PT,1697503574
216,cidade velha,14.9167,-23.6167,28.26,54,20,5.66,CV,1697503575
217,talnakh,69.4865,88.3972,-1.55,96,100,2.02,RU,1697503575
218,kencong,-8.2833,113.3667,28.9,62,91,1.19,ID,1697503575
219,itumbiara,-18.4192,-49.2153,28.87,42,3,3.57,BR,1697503576
220,kolondieba,11.0882,-6.8926,23.29,91,100,1.46,ML,1697503576
221,mamuju,-2.6748,118.8885,29.59,66,2,1.02,ID,1697503576
222,mangrol,21.1167,70.1167,25.19,80,7,4.74,IN,1697503576
223,severo-yeniseyskiy,60.3725,93.0408,0.88,90,100,4.02,RU,1697503577
224,afaahiti,-17.75,-149.2833,27.93,83,100,5.51,PF,1697503577
225,natal,-5.795,-35.2094,25.36,78,20,3.6,BR,1697503577
226,port alfred,-33.5906,26.891,15.1,95,55,6.62,ZA,1697503562
227,uige,-7.6087,15.0613,19.57,98,100,0.69,AO,1697503578
228,saint-philippe,-21.3585,55.7679,23.77,88,83,1.67,RE,1697503578
229,nguigmi,14.2495,13.1092,29.51,35,99,3.22,NE,1697503578
230,badger,64.8,-147.5333,7.93,49,75,1.54,US,1697503578
231,nyagan,62.1406,65.3936,8.01,82,100,2.54,RU,1697503579
232,curvelo,-18.7564,-44.4308,25.75,49,3,3.63,BR,1697503579
233,brokopondo,4.75,-55.1667,26.76,79,32,4.38,SR,1697503579
234,limon,10.0,-83.0333,26.7,79,100,1.17,CR,1697503579
235,aljezur,37.3191,-8.8033,22.29,80,75,8.13,PT,1697503580
236,tarnow,50.0138,20.987,3.55,79,72,2.11,PL,1697503580
237,laojunmiao,39.8333,97.7333,3.81,45,100,2.36,CN,1697503580
238,new mirpur,33.1418,73.7674,15.97,79,100,1.92,PK,1697503581
239,la'ie,21.6477,-157.9253,30.98,68,91,2.68,US,1697503581
240,ulricehamn,57.7916,13.4142,1.3,95,28,3.97,SE,1697503581
241,general acha,-37.377,-64.6043,13.36,33,0,6.74,AR,1697503582
242,zhangye,38.9342,100.4517,10.17,34,91,0.61,CN,1697503582
243,nagqu,31.5,92.0,-0.25,44,99,2.05,CN,1697503582
244,whitburn,54.9533,-1.3686,0.23,72,0,2.14,GB,1697503582
245,irkutsk,52.2978,104.2964,2.38,93,0,1.0,RU,1697503367
246,luanco,43.6152,-5.7934,19.45,87,100,4.25,ES,1697503583
247,alaghsas,17.0187,8.0168,28.51,19,66,5.38,NE,1697503583
248,bousse,12.6606,-1.8922,27.42,60,100,4.26,BF,1697503583
249,erenhot,43.6475,111.9767,11.51,31,100,6.34,CN,1697503584
250,muli,2.9167,73.5667,27.64,73,32,7.21,MV,1697503584
251,hammerfest,70.6634,23.6821,0.25,93,75,2.06,NO,1697503584
252,egilsstadir,65.2653,-14.3948,-0.05,100,100,1.03,IS,1697503584
253,carnarvon,-24.8667,113.6333,28.6,36,0,4.19,AU,1697503585
254,tannum sands,-23.9504,151.3693,32.08,51,0,7.2,AU,1697503585
255,burang,30.25,81.1667,-0.57,69,100,3.32,CN,1697503585
256,hamilton,39.1834,-84.5333,12.07,81,100,3.09,US,1697503564
257,bartica,6.4,-58.6167,28.18,91,67,1.2,GY,1697503586
258,sinabang,2.4803,96.3801,25.27,87,100,3.07,ID,1697503586
259,anadyr,64.75,177.4833,-1.72,79,20,4.0,RU,1697503586
260,tezu,27.9167,96.1667,22.55,65,87,0.81,IN,1697503586
261,argo,37.6333,22.7333,19.88,78,85,2.3,GR,1697503587
262,korocha,50.8107,37.1953,5.4,74,99,8.61,RU,1697503587
263,long,18.0761,99.8326,25.69,94,95,0.73,TH,1697503588
264,kralendijk,12.15,-68.2667,29.99,79,40,5.14,BQ,1697503588
265,iskateley,67.6803,53.1512,1.12,89,87,4.02,RU,1697503588
266,severoural'sk,60.1533,59.952,10.55,85,96,3.71,RU,1697503589
267,sandnessjoen,66.0217,12.6316,0.29,73,100,4.25,NO,1697503589
268,ponta delgada,37.7333,-25.6667,20.66,82,20,4.02,PT,1697503589
269,ziro,27.6333,93.8333,10.41,75,44,0.71,IN,1697503590
270,zhizdra,53.746,34.7395,2.57,90,100,4.58,RU,1697503590
271,qaqortoq,60.7167,-46.0333,0.9,93,85,1.28,GL,1697503590
272,havre,49.5833,0.3333,7.22,76,0,5.14,FR,1697503591
273,yarmouth,41.7057,-70.2286,12.76,86,100,4.92,US,1697503591
274,bekondo,4.6819,9.3214,21.72,98,100,1.3,CM,1697503591
275,ad dabbah,18.05,30.95,25.91,18,19,6.22,SD,1697503591
276,belyy yar,53.6039,91.3903,4.94,81,40,6.0,RU,1697503592
277,dobryanka,58.4619,56.4165,8.29,76,100,4.78,RU,1697503592
278,aasiaat,68.7098,-52.8699,-9.6,95,100,4.25,GL,1697503592
279,dunedin,-45.8742,170.5036,10.14,57,96,4.22,NZ,1697503573
280,amarpur,25.0333,86.9,23.89,79,0,0.25,IN,1697503594
281,sancti spiritus,21.9297,-79.4425,23.7,82,63,2.44,CU,1697503595
282,mili,6.0815,171.735,28.39,71,100,1.86,MH,1697503596
283,ancud,-41.8697,-73.8203,6.93,87,2,2.71,CL,1697503391
284,fale old settlement,-9.3852,-171.2468,28.7,77,100,7.95,TK,1697503597
285,whitehorse,60.7161,-135.0538,4.34,93,100,0.0,CA,1697503597
286,iwai,36.05,139.9,23.87,54,0,1.77,JP,1697503598
287,vanino,49.0869,140.2543,4.34,86,100,5.88,RU,1697503433
288,hithadhoo,-0.6,73.0833,27.54,68,100,7.63,MV,1697503599
289,kosh-agach,50.0,88.6667,-4.83,63,88,0.89,RU,1697503599
290,yerofey pavlovich,53.9667,121.9667,1.54,46,99,1.73,RU,1697503599
291,tucuma,-0.1833,-50.05,25.11,90,100,2.27,BR,1697503599
292,nusaybin,37.0778,41.2178,19.18,56,5,2.43,TR,1697503599
293,klaksvik,62.2266,-6.589,8.51,83,77,7.28,FO,1697503600
294,malango,-2.9627,119.9001,27.02,58,6,1.86,ID,1697503600
295,orosei,40.3798,9.6929,18.88,86,100,1.72,IT,1697503600
296,saint-francois,46.4154,3.9054,7.6,87,0,0.51,FR,1697503601
297,haiku-pauwela,20.9219,-156.3051,29.01,64,40,9.77,US,1697503601
298,sarkand,45.41,79.9186,6.33,45,8,1.45,KZ,1697503602
299,vilyuchinsk,52.9306,158.4028,9.15,87,100,10.9,RU,1697503602
300,lucapa,-8.4192,20.7447,19.51,93,100,0.97,AO,1697503602
301,koh kong,11.6175,102.9806,26.9,83,100,1.17,KH,1697503603
302,kattivakkam,13.2167,80.3167,27.26,85,79,2.09,IN,1697503605
303,quibdo,5.6947,-76.6611,27.19,94,40,3.6,CO,1697503605
304,damara,4.9608,18.7035,22.09,97,100,1.58,CF,1697503606
305,magong,23.5654,119.5863,24.63,75,100,11.95,TW,1697503606
306,agat village,13.3886,144.6585,31.31,76,40,4.63,GU,1697503607
307,port augusta,-32.5,137.7667,20.93,24,0,2.26,AU,1697503607
308,kombissiri,12.0656,-1.3375,27.99,68,100,3.41,BF,1697503608
309,ulsan,35.5372,129.3167,17.92,35,0,2.02,KR,1697503157
310,laguna,38.421,-121.4238,27.64,48,0,3.09,US,1697503609
311,carauari,-4.8828,-66.8958,23.0,97,89,0.33,BR,1697503610
312,asau,46.4333,26.4,1.51,78,37,2.05,RO,1697503610
313,dem'yanovo,60.3511,47.0842,5.83,95,100,0.84,RU,1697503610
314,jamestown,42.097,-79.2353,9.29,98,100,3.6,US,1697503451
315,keflavik,64.0049,-22.5624,5.24,87,75,2.57,IS,1697503611
316,saint-joseph,-21.3667,55.6167,23.21,88,63,1.31,RE,1697503612
317,petropavlovsk-kamchatsky,53.0452,158.6483,8.33,88,75,8.0,RU,1697503612
318,murzuq,25.9155,13.9184,21.69,21,0,3.67,LY,1697503613
319,na mom,6.9586,100.5568,25.91,89,75,2.57,TH,1697503613
320,chernyshevsk,52.5243,117.0174,4.74,62,67,4.98,RU,1697503614
321,mount pearl,47.5166,-52.7813,8.97,97,100,8.75,CA,1697503614
322,constantia,44.1833,28.65,4.38,57,11,2.06,RO,1697503615
323,holualoa,19.6228,-155.9522,26.91,78,20,5.14,US,1697503615
324,port isabel,26.0734,-97.2086,21.04,61,0,5.36,US,1697503615
325,visakhapatnam,17.69,83.2093,23.94,100,20,1.03,IN,1697503436
326,vadso,70.0744,29.7487,2.49,93,20,6.69,NO,1697503616
327,zaozersk,69.4005,32.4476,1.73,73,95,7.24,RU,1697503616
328,north bend,43.4065,-124.2243,17.91,100,100,3.09,US,1697503260
329,graneros,-34.0667,-70.7333,12.24,81,64,1.82,CL,1697503544
330,flying fish cove,-10.4217,105.6791,26.82,89,100,5.14,CX,1697503617
331,fedorovskiy,45.0972,40.9517,11.01,84,54,9.39,RU,1697503617
332,port sudan,19.6175,37.2164,27.07,69,0,4.03,SD,1697503618
333,tokar,18.4254,37.729,29.31,66,100,4.97,SD,1697503618
334,siyabuswa,-25.1132,29.0445,14.93,92,2,1.07,ZA,1697503619
335,remire-montjoly,4.9167,-52.2667,27.02,89,0,1.54,GF,1697503619
336,cromer,52.9312,1.2989,10.0,69,33,5.54,GB,1697503620
337,parkes,-33.1333,148.1833,21.31,25,1,0.89,AU,1697503620
338,sinop,41.7711,34.8709,8.88,84,100,1.75,TR,1697503620
339,lashkar gah,31.5938,64.3716,13.12,30,0,1.71,AF,1697503621
340,airdrie,55.866,-3.9803,4.82,96,4,0.79,GB,1697503621
341,bandarbeyla,9.4942,50.8122,26.39,82,8,2.32,SO,1697503621
342,east end,34.5507,-92.341,16.84,68,0,2.04,US,1697503622
343,tarko-sale,64.9225,77.785,1.67,83,100,2.24,RU,1697503622
344,isola di capo rizzuto,38.96,17.0933,19.55,74,21,0.29,IT,1697503622
345,corn island,12.1694,-83.0418,29.62,74,100,5.03,NI,1697503622
346,happy valley-goose bay,53.3168,-60.3315,2.17,75,75,4.63,CA,1697503623
347,rosarito,32.3333,-117.0333,25.51,73,26,2.19,MX,1697503623
348,mana,5.6592,-53.7767,27.13,86,34,3.99,GF,1697503624
349,rifle,39.5347,-107.7831,22.33,31,0,0.0,US,1697503624
350,hotan,37.0997,79.9269,15.26,25,100,1.01,CN,1697503624
351,tynda,55.1667,124.7167,-2.88,61,100,1.27,RU,1697503624
352,new norfolk,-42.7826,147.0587,17.18,36,10,1.75,AU,1697503625
353,robertsport,6.7533,-11.3686,25.57,85,100,3.15,LR,1697503625
354,mali,12.079,-12.2982,16.14,88,8,1.32,GN,1697503625
355,antsiranana,-12.2787,49.2917,23.56,78,72,2.73,MG,1697503625
356,machico,32.7,-16.7667,24.84,79,20,1.54,PT,1697503626
357,el charco,2.4769,-78.1105,24.73,92,100,1.15,CO,1697503626
358,acapulco de juarez,16.8634,-99.8901,28.9,84,100,2.57,MX,1697503330
359,the pas,53.8251,-101.2541,11.01,66,0,0.0,CA,1697503627
360,gaalkacyo,6.7697,47.4308,26.66,67,24,3.35,SO,1697503627
361,sao marcos,-28.9711,-51.0681,16.98,100,100,2.73,BR,1697503627
362,general conesa,-40.1,-64.4333,11.6,41,2,4.49,AR,1697503628
363,kailua-kona,19.6406,-155.9956,28.98,78,20,5.14,US,1697503561
364,darwin,-12.4611,130.8418,32.16,62,20,2.57,AU,1697503243
365,kolda,12.8833,-14.95,28.17,94,75,3.09,SN,1697503628
366,saint-pierre,-21.3393,55.4781,23.82,73,100,1.54,RE,1697503629
367,gumdag,39.2061,54.5906,17.52,28,100,2.76,TM,1697503629
368,akureyri,65.6835,-18.0878,-0.04,93,0,0.0,IS,1697503629
369,kirkwall,58.9848,-2.9587,11.09,87,75,5.66,GB,1697503630
370,kharp,66.8014,65.8081,1.24,100,100,0.98,RU,1697503630
371,port mathurin,-19.6833,63.4167,24.22,85,1,3.15,MU,1697503630
372,la gi,10.6667,107.7833,26.87,83,36,2.79,VN,1697503631
373,katsuren-haebaru,26.3369,127.8719,26.01,57,20,4.63,JP,1697503631
374,mityana,0.4175,32.0228,17.48,99,100,1.08,UG,1697503631
375,zakynthos,37.7914,20.8953,19.24,70,100,2.75,GR,1697503631
376,zemio,5.0314,25.1361,20.02,98,100,0.55,CF,1697503632
377,taroa,8.7058,171.2275,28.3,74,11,4.78,MH,1697503632
378,hami,42.8,93.45,10.17,43,100,2.44,CN,1697503632
379,tommot,58.9564,126.2925,-2.9,59,100,1.17,RU,1697503632
380,tolanaro,-25.0319,46.9987,23.04,83,75,4.12,MG,1697503633
381,copiapo,-27.3667,-70.3333,12.83,54,97,1.11,CL,1697503111
382,veinticinco de mayo,-35.4323,-60.1727,14.99,82,2,1.79,AR,1697503634
383,bulan,12.6667,123.9333,28.27,78,44,0.93,PH,1697503634
384,arinos,-15.9169,-46.1056,26.09,41,0,0.75,BR,1697503635
385,uturoa,-16.7333,-151.4333,25.7,79,42,5.38,PF,1697503635
386,oamaru,-45.0784,170.9801,12.43,88,100,0.81,NZ,1697503635
387,sampacho,-33.3839,-64.7221,13.86,34,0,3.48,AR,1697503635
388,paita,-5.0892,-81.1144,20.36,84,26,5.61,PE,1697503636
389,galliano,29.4422,-90.2992,17.0,51,0,3.02,US,1697503636
390,nuku'alofa,-21.1333,-175.2,24.19,88,75,7.72,TO,1697503636
391,nizhneudinsk,54.9076,99.0276,3.9,96,100,2.68,RU,1697503636
392,khanpur,28.6453,70.6567,20.67,70,53,7.37,PK,1697503637
393,kalevala,65.2,31.1667,1.72,99,100,2.68,RU,1697503637
394,ishigaki,24.3448,124.1572,25.07,69,75,5.66,JP,1697503637
395,khandyga,62.6667,135.6,-11.31,62,42,2.02,RU,1697503637
396,novodvinsk,64.4165,40.8122,3.77,78,100,4.41,RU,1697503638
397,chervonopartyzans'k,48.0761,39.7962,4.99,78,6,7.85,UA,1697503638
398,dalbandin,28.8947,64.4101,17.42,29,0,2.69,PK,1697503638
399,baise city,23.8997,106.6133,23.29,69,3,0.42,CN,1697503639
400,lagoa nova,-6.1,-36.4833,20.3,71,96,8.79,BR,1697503639
401,alpatovo,43.7028,45.2415,13.13,71,100,10.25,RU,1697503640
402,taxisco,14.0708,-90.4631,23.82,94,100,1.91,GT,1697503640
403,santa ana,33.7456,-117.8678,33.58,56,20,2.57,US,1697503620
404,irymple,-34.25,142.1667,18.94,44,0,0.89,AU,1697503640
405,grand gaube,-20.0064,57.6608,21.88,79,72,2.22,MU,1697503641
406,tosontsengel,48.7567,98.2839,-3.36,82,32,1.78,MN,1697503428
407,el jadid,33.2549,-8.506,22.47,74,100,4.59,MA,1697503641
408,namibe,-15.1961,12.1522,17.63,83,100,2.01,AO,1697503641
409,laela,-8.5667,32.05,19.76,66,100,1.32,TZ,1697503642
410,sussex,41.1834,-74.6663,11.15,92,75,0.89,US,1697503642
411,mirriah,13.7073,9.1501,29.45,20,69,3.94,NE,1697503642
412,buarcos,40.166,-8.8768,23.64,84,77,12.24,PT,1697503642
413,port moresby,-9.4431,147.1797,28.68,79,75,4.12,PG,1697503643
414,okulovka,58.4008,33.2908,3.49,88,32,2.68,RU,1697503643
415,nur-sultan,51.1801,71.446,1.97,100,0,3.0,KZ,1697503643
416,kapa'a,22.0752,-159.319,29.18,73,20,4.12,US,1697503643
417,tsiombe,-25.3,45.4833,21.34,77,100,1.85,MG,1697503644
418,suva,-18.1416,178.4415,26.71,74,75,5.14,FJ,1697503644
419,pariaman,-0.619,100.12,25.03,85,100,0.38,ID,1697503644
420,horishni plavni,49.0097,33.6455,6.64,79,24,6.16,UA,1697503644
421,bulanik,39.0929,42.2703,9.23,83,13,1.15,TR,1697503645
422,minas de marcona,-15.2119,-75.1103,14.67,86,77,4.5,PE,1697503645
423,puerto leguizamo,-0.1934,-74.7819,24.32,78,13,0.71,CO,1697503645
424,lower hutt,-41.2167,174.9167,12.4,91,100,9.26,NZ,1697503645
425,obigarm,38.7173,69.7088,8.8,78,86,1.92,TJ,1697503646
426,zaterechnyy,44.7931,45.2097,11.87,65,100,10.76,RU,1697503646
427,sao paulo de olivenca,-3.3783,-68.8725,23.05,97,42,0.7,BR,1697503646
428,queenstown,-31.8976,26.8753,10.1,93,100,2.37,ZA,1697503646
429,usinsk,65.9939,57.5281,2.26,99,100,7.15,RU,1697503646
430,praia da vitoria,38.7333,-27.0667,19.31,88,40,5.3,PT,1697503647
431,fuding,27.3273,120.214,22.21,60,0,1.5,CN,1697503647
432,golere,16.2557,-14.1017,32.71,15,0,2.15,SN,1697503647
433,ambovombe,-25.1667,46.0833,21.17,78,100,2.46,MG,1697503647
434,las palmas,28.4204,-14.0131,23.44,57,0,0.51,ES,1697503648
435,san jeronimo,-11.9472,-75.2829,13.51,60,83,1.54,PE,1697503649
436,nenjiang,49.1833,125.2167,6.93,28,74,4.39,CN,1697503649
437,forster,-32.1667,152.5167,20.72,54,99,7.35,AU,1697503649
438,erdenet,49.0333,104.0833,0.85,60,0,1.87,MN,1697503650
439,kolonia town,6.964,158.206,33.0,66,75,2.57,FM,1697503650
440,ephrata,40.1798,-76.1788,13.23,78,20,2.57,US,1697503500
441,berdigestyakh,62.0989,126.6992,-4.84,69,100,4.47,RU,1697503650
442,mo i rana,66.3128,14.1428,0.26,100,100,0.0,NO,1697503651
443,funafuti,-8.5243,179.1942,29.0,89,75,7.72,TV,1697503651
444,aberdeen,57.1437,-2.0981,6.41,81,10,0.51,GB,1697503651
445,camayenne,9.535,-13.6878,26.05,94,40,0.0,GN,1697503651
446,rosso,16.4986,-15.8153,30.25,28,0,4.48,SN,1697503652
447,hobyo,5.3505,48.5268,27.2,79,46,4.33,SO,1697503652
448,kill devil hills,36.0307,-75.676,15.01,63,0,3.6,US,1697503653
449,ulsteinvik,62.3432,5.8487,10.97,92,100,8.05,NO,1697503653
450,kramfors,62.9316,17.7765,-0.12,93,52,0.0,SE,1697503653
451,san julian,21.0167,-102.1667,16.86,47,42,6.26,MX,1697503654
452,nebbi,2.4783,31.0889,18.49,88,99,1.22,UG,1697503654
453,altai,46.3722,96.2583,-3.26,54,2,2.15,MN,1697503654
454,aioun,16.6614,-9.6149,28.82,11,0,1.61,MR,1697503655
455,howrah,22.5892,88.3103,25.0,88,7,0.0,IN,1697503655
456,vila velha,-20.3297,-40.2925,24.97,91,40,3.58,BR,1697503655
457,ushtobe,45.2514,77.9838,5.95,67,8,6.11,KZ,1697503656
458,onega,63.9061,38.1404,4.3,78,100,6.71,RU,1697503656
459,santa elena de uairen,4.6167,-61.1333,21.34,84,100,2.0,VE,1697503656
460,shingu,33.7333,135.9833,22.86,44,0,1.75,JP,1697503656
461,beloyarskiy,63.7119,66.6722,5.0,91,100,2.24,RU,1697503657
462,dordrecht,51.81,4.6736,9.45,83,100,1.34,NL,1697503657
463,severobaykal'sk,55.65,109.3167,3.61,70,86,2.91,RU,1697503657
464,evanston,42.0411,-87.6901,12.1,73,75,3.09,US,1697503657
465,betio village,1.358,172.9211,28.32,75,100,7.1,KI,1697503658
466,dudinka,69.4058,86.1778,-0.18,98,100,2.68,RU,1697503658
467,vilyuysk,63.7553,121.6247,-2.12,52,100,5.36,RU,1697503658
468,zeya,53.75,127.2667,2.27,36,73,1.17,RU,1697503658
469,olyokminsk,60.3736,120.4264,1.11,67,100,3.58,RU,1697503659
470,christchurch,-43.5333,172.6333,12.45,79,75,3.09,NZ,1697503659
471,el nido,11.1858,119.3956,28.05,78,91,2.76,PH,1697503659
472,cold lake,54.4502,-110.2017,10.97,71,100,3.09,CA,1697503659
473,ambam,2.3833,11.2833,20.45,100,100,1.16,CM,1697503660
474,sariyahsi,38.9835,33.8414,11.77,69,13,1.51,TR,1697503660
475,avranches,48.6833,-1.3667,7.68,51,100,4.29,FR,1697503660
476,cururupu,-1.8283,-44.8683,24.56,89,14,1.42,BR,1697503661
477,gazojak,41.1875,61.4036,11.2,32,0,4.62,TM,1697503661
478,as safirah,36.077,37.3725,18.7,75,1,3.96,SY,1697503661
479,forio,40.7342,13.8646,18.01,92,100,4.92,IT,1697503661
480,belmonte,-15.8631,-38.8828,23.06,80,4,2.03,BR,1697503662
481,al bardiyah,31.7561,25.0865,21.75,84,0,4.73,LY,1697503662
482,ibaiti,-23.8486,-50.1878,21.66,74,100,1.91,BR,1697503662
483,kasamwa,-2.85,32.4333,20.19,85,70,3.04,TZ,1697503663
484,igarka,67.4667,86.5833,-0.98,96,97,2.45,RU,1697503663
485,trincomalee,8.5711,81.2335,25.5,86,96,4.54,LK,1697503663
486,pizarro,4.9533,-77.366,25.92,86,100,1.29,CO,1697503664
487,biaora,23.8667,76.9167,20.56,69,0,1.86,IN,1697503664
488,buritama,-21.0661,-50.1472,29.39,42,39,2.69,BR,1697503665
489,lipkovo,42.1564,21.5853,4.57,48,100,0.57,MK,1697503665
490,gamba,-2.65,10.0,24.92,83,100,1.82,GA,1697503665
491,marquette,46.5333,-87.6335,5.74,87,3,0.45,US,1697503665
492,turpan,42.9333,89.1667,14.51,33,1,2.32,CN,1697503666
493,hiratacho,35.4333,132.8167,17.98,77,20,3.09,JP,1697503666
494,ayr,55.4627,-4.6339,3.99,93,20,4.12,GB,1697503666
495,smithers,54.7804,-127.1743,9.18,100,100,0.0,CA,1697503667
496,sala consilina,40.3912,15.5989,12.99,95,100,2.09,IT,1697503667
497,al harithah,30.7186,47.7208,19.98,52,0,4.12,IQ,1697503667
498,selfoss,63.9331,-20.9971,3.36,85,100,2.52,IS,1697503667
499,timimoun,29.2639,0.231,23.21,16,0,5.66,DZ,1697503668
500,pohrebyshche,49.4864,29.2636,6.28,65,99,6.44,UA,1697503669
501,bubaque,11.2833,-15.8333,27.45,83,5,4.75,GW,1697503669
502,sydney,-33.8679,151.2073,18.51,76,75,9.77,AU,1697503328
503,nogliki,51.8333,143.1667,9.08,84,100,3.13,RU,1697503669
504,darnah,32.767,22.6367,22.39,65,0,5.83,LY,1697503670
505,oriximina,-1.7656,-55.8661,27.7,59,53,1.33,BR,1697503670
506,'ain el melh,34.8415,4.1638,17.37,29,49,2.28,DZ,1697503670
507,shitanjing,39.2342,106.3439,9.33,32,100,6.26,CN,1697503670
508,castillos,-34.1667,-53.8333,15.78,98,30,3.64,UY,1697503671
509,labytnangi,66.6572,66.4183,0.48,98,100,1.18,RU,1697503671
510,blenheim,-41.516,173.9528,10.85,90,100,1.79,NZ,1697503671
511,tofol,5.3248,163.0078,28.88,74,100,1.03,FM,1697503671
512,shevchenkove,49.6959,37.1735,6.06,73,100,8.06,UA,1697503672
513,camamu,-13.9447,-39.1039,21.5,90,29,1.46,BR,1697503672
514,malkapur,20.8833,76.2,23.11,62,7,1.23,IN,1697503673
515,susuman,62.7833,148.1667,-14.46,69,2,1.25,RU,1697503673
516,trairi,-3.2778,-39.2689,25.96,76,3,5.44,BR,1697503403
517,hurricane,37.1753,-113.2899,31.19,20,0,0.99,US,1697503463
518,nadym,65.5333,72.5167,1.0,93,100,4.19,RU,1697503674
519,jutai,-5.1833,-68.9,24.27,91,88,1.35,BR,1697503674
520,yengema,8.7167,-11.1667,21.32,99,100,0.68,SL,1697503675
521,as sulayyil,20.4607,45.5779,22.14,15,0,2.19,SA,1697503675
522,nata,8.3333,-80.5167,22.65,67,100,1.79,PA,1697503675
523,inda silase,14.1031,38.2829,17.86,58,100,0.94,ET,1697503676
524,kabalo,-6.05,26.9167,21.82,78,65,2.04,CD,1697503676
525,kiunga,-6.1219,141.2906,25.14,89,100,0.88,PG,1697503676
526,aketi,2.7388,23.7833,21.01,97,98,0.42,CD,1697503677
527,djougou,9.7085,1.666,22.42,91,100,1.86,BJ,1697503677
528,demre,36.2537,29.9777,19.93,71,0,0.29,TR,1697503677
529,hilo,19.7297,-155.09,31.27,75,75,6.17,US,1697503677
530,kermit,31.8576,-103.0927,23.91,22,0,2.06,US,1697503678
531,simpang,-1.2667,104.0833,28.85,65,15,2.41,ID,1697503678
532,yen vinh,18.6667,105.6667,25.14,80,40,3.09,VN,1697503678
533,tadine,-21.55,167.8833,23.42,79,98,4.78,NC,1697503678
534,talanga,14.4,-87.0833,25.3,96,100,1.79,HN,1697503679
535,amparafaravola,-17.5833,48.2167,21.1,87,89,0.82,MG,1697503679
536,lazaro cardenas,17.9583,-102.2,26.92,83,100,1.78,MX,1697503679
537,coquimbo,-29.9533,-71.3436,13.85,88,0,0.51,CL,1697503396
538,mar del plata,-38.0023,-57.5575,12.01,83,75,8.23,AR,1697503654
539,qandala,11.472,49.8728,27.53,71,6,0.9,SO,1697503680
540,kulunda,52.566,78.9385,8.66,75,98,3.87,RU,1697503680
541,mach,29.8637,67.3298,16.99,34,0,1.88,PK,1697503680
542,bodo,67.28,14.405,5.02,93,100,4.12,NO,1697503680
543,metahara,8.9,39.9167,22.39,48,100,0.77,ET,1697503681
544,grande prairie,55.1667,-118.8027,8.1,76,100,2.57,CA,1697503023
545,carrigaline,51.8117,-8.3986,11.86,87,75,8.23,IE,1697503681
546,al kharj,24.155,47.3346,29.32,17,0,0.62,SA,1697503682
547,itigi,-5.7,34.4833,21.62,61,100,2.83,TZ,1697503682
548,taitung city,22.7583,121.1444,24.15,83,75,1.54,TW,1697503682
549,mga,59.75,31.0667,4.78,89,84,2.84,RU,1697503682
550,yangjiang,21.85,111.9667,23.54,75,100,3.79,CN,1697503683
551,raduzhny,62.0961,77.475,3.11,94,94,2.38,RU,1697503683
552,isale,6.6979,3.1421,24.62,90,99,2.54,NG,1697503683
553,el quebrachal,-25.2833,-64.0667,31.06,25,6,8.11,AR,1697503684
554,colares,38.7992,-9.4469,22.96,94,14,10.28,PT,1697503684
555,johnstown,40.3267,-78.922,11.36,95,100,3.6,US,1697503431
556,sisimiut,66.9395,-53.6735,-7.24,84,97,5.7,GL,1697503684
557,arno,60.1167,18.6333,5.44,75,99,3.91,SE,1697503685
558,bechar,31.6167,-2.2167,21.18,26,0,0.0,DZ,1697503685
559,todos santos,23.45,-110.2167,28.14,80,1,3.19,MX,1697503685
560,taksimo,56.3444,114.8794,0.95,82,100,0.89,RU,1697503685
561,sault ste. marie,46.5168,-84.3333,8.16,81,0,5.14,CA,1697503206
562,shahin dezh,36.6793,46.5669,11.5,73,16,1.62,IR,1697503686
563,eydhafushi,5.1033,73.0708,28.13,75,49,6.51,MV,1697503686
